"Gene","Mean","SD","Min","Max"
"geneA",1.75,2.3629078131263,0,5
"geneB",0,0,0,0
"geneC",3.75,1.70782512765993,2,6
"geneD",2,0.816496580927726,1,3
